ptr_id,year,member,class,source_url
0000950144-00-015358,2001,GERALD STEVENS INC/ (S-1),,https://www.sec.gov/Archives/edgar/data/37525/000095014400015358/0000950144-00-015358-index.htm
0001045969-00-001037,2001,MGI PHARMA INC (S-3/A),,https://www.sec.gov/Archives/edgar/data/702131/000104596900001037/0001045969-00-001037-index.htm
0000916641-01-500604,2001,OPTICAL CABLE CORP (S-1),,https://www.sec.gov/Archives/edgar/data/1000230/000091664101500604/0000916641-01-500604-index.htm
0001021408-01-502350,2001,IMPAC MORTGAGE HOLDINGS INC (S-3),,https://www.sec.gov/Archives/edgar/data/1000298/000102140801502350/0001021408-01-502350-index.htm
0000950134-01-503758,2001,ILEX ONCOLOGY INC (S-3/A),,https://www.sec.gov/Archives/edgar/data/1001915/000095013401503758/0000950134-01-503758-index.htm
0000950144-01-503653,2001,DALEEN TECHNOLOGIES INC (S-3/A),,https://www.sec.gov/Archives/edgar/data/1002658/000095014401503653/0000950144-01-503653-index.htm
0000912057-01-520082,2001,AFFILIATED MANAGERS GROUP INC (S-3/A),,https://www.sec.gov/Archives/edgar/data/1004434/000091205701520082/0000912057-01-520082-index.htm
0001019687-01-500386,2001,VENDINGDATA CORP (S-3),,https://www.sec.gov/Archives/edgar/data/1004673/000101968701500386/0001019687-01-500386-index.htm
0000930661-01-500844,2001,ELECTRONIC DATA SYSTEMS CORP /DE/ (S-3),,https://www.sec.gov/Archives/edgar/data/1007456/000093066101500844/0000930661-01-500844-index.htm
0001007587-01-500019,2001,KVH INDUSTRIES INC \DE\ (S-3/A),,https://www.sec.gov/Archives/edgar/data/1007587/000100758701500019/0001007587-01-500019-index.htm
0001007587-01-500022,2001,KVH INDUSTRIES INC \DE\ (S-3/A),,https://www.sec.gov/Archives/edgar/data/1007587/000100758701500022/0001007587-01-500022-index.htm
0001007587-01-500029,2001,KVH INDUSTRIES INC \DE\ (S-3),,https://www.sec.gov/Archives/edgar/data/1007587/000100758701500029/0001007587-01-500029-index.htm
0000950130-01-502238,2001,UNION PACIFIC CORP (S-3),,https://www.sec.gov/Archives/edgar/data/100885/000095013001502238/0000950130-01-502238-index.htm
0000912057-01-520872,2001,PRIMIX (S-3),,https://www.sec.gov/Archives/edgar/data/1011255/000091205701520872/0000912057-01-520872-index.htm
0000928385-01-501043,2001,WELLS FARGO ASSET SECURITIES CORP (S-3),,https://www.sec.gov/Archives/edgar/data/1011663/000092838501501043/0000928385-01-501043-index.htm
0000930661-01-500857,2001,PRENTISS PROPERTIES TRUST/MD (S-3/A),,https://www.sec.gov/Archives/edgar/data/1011699/000093066101500857/0000930661-01-500857-index.htm
0000930661-01-501005,2001,PRENTISS PROPERTIES TRUST/MD (S-3/A),,https://www.sec.gov/Archives/edgar/data/1011699/000093066101501005/0000930661-01-501005-index.htm
0000930661-01-500893,2001,PRENTISS PROPERTIES TRUST/MD (S-3),,https://www.sec.gov/Archives/edgar/data/1011699/000093066101500893/0000930661-01-500893-index.htm
0000899681-01-500111,2001,KEY BANK USA NATIONAL ASSOCIATION (S-3),,https://www.sec.gov/Archives/edgar/data/1013455/000089968101500111/0000899681-01-500111-index.htm
0001111853-01-500014,2001,ARDEN REALTY INC (S-3/A),,https://www.sec.gov/Archives/edgar/data/1013794/000111185301500014/0001111853-01-500014-index.htm
0000950144-01-504136,2001,U S PLASTIC LUMBER CORP (S-3),,https://www.sec.gov/Archives/edgar/data/1014851/000095014401504136/0000950144-01-504136-index.htm
0000913849-01-500075,2001,WINTRUST FINANCIAL CORP (S-3),,https://www.sec.gov/Archives/edgar/data/1015328/000091384901500075/0000913849-01-500075-index.htm
0000950134-01-503086,2001,CNET NETWORKS INC (S-3),,https://www.sec.gov/Archives/edgar/data/1015577/000095013401503086/0000950134-01-503086-index.htm
0000950103-01-501083,2001,E TRADE GROUP INC (S-3/A),,https://www.sec.gov/Archives/edgar/data/1015780/000095010301501083/0000950103-01-501083-index.htm
0000950103-01-501090,2001,E TRADE GROUP INC (S-3/A),,https://www.sec.gov/Archives/edgar/data/1015780/000095010301501090/0000950103-01-501090-index.htm
0000950103-01-501091,2001,E TRADE GROUP INC (S-3/A),,https://www.sec.gov/Archives/edgar/data/1015780/000095010301501091/0000950103-01-501091-index.htm
0000950109-01-501859,2001,E TRADE GROUP INC (S-3),,https://www.sec.gov/Archives/edgar/data/1015780/000095010901501859/0000950109-01-501859-index.htm
0000950103-01-501125,2001,E TRADE GROUP INC (S-3),,https://www.sec.gov/Archives/edgar/data/1015780/000095010301501125/0000950103-01-501125-index.htm
0000931731-01-500201,2001,ALTAIR INTERNATIONAL INC (S-3/A),,https://www.sec.gov/Archives/edgar/data/1016546/000093173101500201/0000931731-01-500201-index.htm
0000950144-01-503289,2001,R&G FINANCIAL CORP (S-3/A),,https://www.sec.gov/Archives/edgar/data/1016933/000095014401503289/0000950144-01-503289-index.htm
0000912057-01-522061,2001,CCC INFORMATION SERVICES GROUP INC (S-3),,https://www.sec.gov/Archives/edgar/data/1017917/000091205701522061/0000912057-01-522061-index.htm
0000950144-01-503473,2001,INFORMATION ARCHITECTS CORP (S-3),,https://www.sec.gov/Archives/edgar/data/1018336/000095014401503473/0000950144-01-503473-index.htm
0000912057-01-519759,2001,CERUS CORP (S-3/A),,https://www.sec.gov/Archives/edgar/data/1020214/000091205701519759/0000912057-01-519759-index.htm
0001125282-01-501027,2001,RETURN ASSURED INC (S-3/A),,https://www.sec.gov/Archives/edgar/data/1020726/000112528201501027/0001125282-01-501027-index.htm
0000950117-01-500620,2001,MIDWAY GAMES INC (S-3),,https://www.sec.gov/Archives/edgar/data/1022080/000095011701500620/0000950117-01-500620-index.htm
0000912057-01-522078,2001,TRIANGLE PHARMACEUTICALS INC (S-3/A),,https://www.sec.gov/Archives/edgar/data/1022622/000091205701522078/0000912057-01-522078-index.htm
0000912057-01-519339,2001,TRIANGLE PHARMACEUTICALS INC (S-3),,https://www.sec.gov/Archives/edgar/data/1022622/000091205701519339/0000912057-01-519339-index.htm
0000912057-01-519251,2001,ALTON GAMING CO (S-3),,https://www.sec.gov/Archives/edgar/data/1022861/000091205701519251/0000912057-01-519251-index.htm
0000947871-01-500224,2001,VIACOM INTERNATIONAL INC /DE/ (S-3/A),,https://www.sec.gov/Archives/edgar/data/1023421/000094787101500224/0000947871-01-500224-index.htm
0000950129-01-501152,2001,ENRON CORP/OR/ (S-3),,https://www.sec.gov/Archives/edgar/data/1024401/000095012901501152/0000950129-01-501152-index.htm
0000950130-01-502437,2001,BNY CAPITAL V (S-3/A),,https://www.sec.gov/Archives/edgar/data/1026757/000095013001502437/0000950130-01-502437-index.htm
0000950130-01-502232,2001,BNY CAPITAL V (S-3),,https://www.sec.gov/Archives/edgar/data/1026757/000095013001502232/0000950130-01-502232-index.htm
0000912057-01-518730,2001,EPIQ SYSTEMS INC (S-3/A),,https://www.sec.gov/Archives/edgar/data/1027207/000091205701518730/0000912057-01-518730-index.htm
0001125282-01-500811,2001,GREENPOINT MORTGAGE SECURITIES INC/ (S-3),,https://www.sec.gov/Archives/edgar/data/1027281/000112528201500811/0001125282-01-500811-index.htm
0001021408-01-501865,2001,AMERIPATH INC (S-3/A),,https://www.sec.gov/Archives/edgar/data/1027532/000102140801501865/0001021408-01-501865-index.htm
0000912057-01-518841,2001,EPIX MEDICAL INC (S-3),,https://www.sec.gov/Archives/edgar/data/1027702/000091205701518841/0000912057-01-518841-index.htm
0000912057-01-519726,2001,WORLDGATE COMMUNICATIONS INC (S-3),,https://www.sec.gov/Archives/edgar/data/1030058/000091205701519726/0000912057-01-519726-index.htm
0001012870-01-501286,2001,UTSTARCOM INC (S-3/A),,https://www.sec.gov/Archives/edgar/data/1030471/000101287001501286/0001012870-01-501286-index.htm
0001012870-01-501349,2001,UTSTARCOM INC (S-3/A),,https://www.sec.gov/Archives/edgar/data/1030471/000101287001501349/0001012870-01-501349-index.htm
0001012870-01-501268,2001,UTSTARCOM INC (S-3),,https://www.sec.gov/Archives/edgar/data/1030471/000101287001501268/0001012870-01-501268-index.htm
0000912057-01-518434,2001,MAXIMUS INC (S-3/A),,https://www.sec.gov/Archives/edgar/data/1032220/000091205701518434/0000912057-01-518434-index.htm
0000950162-01-500214,2001,FIRST INDUSTRIAL LP (S-3/A),,https://www.sec.gov/Archives/edgar/data/1033128/000095016201500214/0000950162-01-500214-index.htm
0001035398-01-500015,2001,USURF AMERICA INC (S-1),,https://www.sec.gov/Archives/edgar/data/1035398/000103539801500015/0001035398-01-500015-index.htm
0000891618-01-501100,2001,SCM MICROSYSTEMS INC (S-3),,https://www.sec.gov/Archives/edgar/data/1036044/000089161801501100/0000891618-01-501100-index.htm
0000950144-01-503650,2001,800 TRAVEL SYSTEMS INC (S-3/A),,https://www.sec.gov/Archives/edgar/data/1039208/000095014401503650/0000950144-01-503650-index.htm
0000927016-01-501317,2001,V I TECHNOLOGIES INC (S-3/A),,https://www.sec.gov/Archives/edgar/data/1040017/000092701601501317/0000927016-01-501317-index.htm
0000891092-01-500245,2001,INTELLI CHECK INC (S-3/A),,https://www.sec.gov/Archives/edgar/data/1040896/000089109201500245/0000891092-01-500245-index.htm
0000891554-01-503072,2001,MEDIABAY INC (S-3),,https://www.sec.gov/Archives/edgar/data/1040973/000089155401503072/0000891554-01-503072-index.htm
0000916641-01-500559,2001,CIRCUIT CITY STORES INC (S-3),,https://www.sec.gov/Archives/edgar/data/104599/000091664101500559/0000916641-01-500559-index.htm
0001048477-01-500024,2001,BIOMARIN PHARMACEUTICAL INC (S-3/A),,https://www.sec.gov/Archives/edgar/data/1048477/000104847701500024/0001048477-01-500024-index.htm
0000950117-01-500575,2001,DOUBLECLICK INC (S-3/A),,https://www.sec.gov/Archives/edgar/data/1049480/000095011701500575/0000950117-01-500575-index.htm
0001021408-01-502889,2001,MICROSTRATEGY INC (S-3/A),,https://www.sec.gov/Archives/edgar/data/1050446/000102140801502889/0001021408-01-502889-index.htm
0000950109-01-501962,2001,MICROSTRATEGY INC (S-3),,https://www.sec.gov/Archives/edgar/data/1050446/000095010901501962/0000950109-01-501962-index.htm
0000950129-01-501151,2001,W-H ENERGY SERVICES INC (S-1),,https://www.sec.gov/Archives/edgar/data/1051034/000095012901501151/0000950129-01-501151-index.htm
0000906280-01-500209,2001,HORIZON OFFSHORE INC (S-3),,https://www.sec.gov/Archives/edgar/data/1051431/000090628001500209/0000906280-01-500209-index.htm
0000950130-01-502561,2001,CANANDAIGUA EUROPE LTD (S-3),,https://www.sec.gov/Archives/edgar/data/1051699/000095013001502561/0000950130-01-502561-index.htm
0000950137-01-502171,2001,GETTY REALTY CORP /MD/ (S-3/A),,https://www.sec.gov/Archives/edgar/data/1052752/000095013701502171/0000950137-01-502171-index.htm
0000912057-01-518685,2001,LEHMAN BROTHERS HOLDINGS CAPITAL TRUST III (S-3/A),,https://www.sec.gov/Archives/edgar/data/1053521/000091205701518685/0000912057-01-518685-index.htm
0000950149-01-500856,2001,WASTE CONNECTIONS INC/DE (S-3),,https://www.sec.gov/Archives/edgar/data/1057058/000095014901500856/0000950149-01-500856-index.htm
0000950129-01-501641,2001,UNIVERSAL COMPRESSION HOLDINGS INC (S-3/A),,https://www.sec.gov/Archives/edgar/data/1057234/000095012901501641/0000950129-01-501641-index.htm
0000950144-01-503829,2001,FIRST BANCORP /PR/ (S-3/A),,https://www.sec.gov/Archives/edgar/data/1057706/000095014401503829/0000950144-01-503829-index.htm
0000950134-01-503269,2001,SUMMIT ENVIRONMENTAL CORP INC (S-3),,https://www.sec.gov/Archives/edgar/data/1057807/000095013401503269/0000950134-01-503269-index.htm
0000950135-01-501837,2001,TWEETER HOME ENTERTAINMENT GROUP INC (S-3),,https://www.sec.gov/Archives/edgar/data/1060390/000095013501501837/0000950135-01-501837-index.htm
0000950148-01-501017,2001,GOTO COM INC (S-3/A),,https://www.sec.gov/Archives/edgar/data/1060439/000095014801501017/0000950148-01-501017-index.htm
0000891618-01-501364,2001,GOTO COM INC (S-3/A),,https://www.sec.gov/Archives/edgar/data/1060439/000089161801501364/0000891618-01-501364-index.htm
0000891618-01-501400,2001,GOTO COM INC (S-3/A),,https://www.sec.gov/Archives/edgar/data/1060439/000089161801501400/0000891618-01-501400-index.htm
0000891618-01-501408,2001,GOTO COM INC (S-3/A),,https://www.sec.gov/Archives/edgar/data/1060439/000089161801501408/0000891618-01-501408-index.htm
0000950148-01-500945,2001,GOTO COM INC (S-3),,https://www.sec.gov/Archives/edgar/data/1060439/000095014801500945/0000950148-01-500945-index.htm
0000950129-01-501632,2001,BURLINGTON RESOURCES CAPITAL I (S-3/A),,https://www.sec.gov/Archives/edgar/data/1061292/000095012901501632/0000950129-01-501632-index.htm
0000950152-01-502845,2001,CONVERGYS CORP (S-3),,https://www.sec.gov/Archives/edgar/data/1062047/000095015201502845/0000950152-01-502845-index.htm
0000912057-01-520297,2001,DIGITAL RIVER INC /DE (S-3/A),,https://www.sec.gov/Archives/edgar/data/1062530/000091205701520297/0000912057-01-520297-index.htm
0001095811-01-502675,2001,LEAP WIRELESS INTERNATIONAL INC (S-3),,https://www.sec.gov/Archives/edgar/data/1065049/000109581101502675/0001095811-01-502675-index.htm
0001095811-01-502694,2001,LEAP WIRELESS INTERNATIONAL INC (S-3),,https://www.sec.gov/Archives/edgar/data/1065049/000109581101502694/0001095811-01-502694-index.htm
0000950130-01-502767,2001,NEUBERGER BERMAN INC (S-3/A),,https://www.sec.gov/Archives/edgar/data/1068144/000095013001502767/0000950130-01-502767-index.htm
0000950130-01-502170,2001,NEUBERGER BERMAN INC (S-3),,https://www.sec.gov/Archives/edgar/data/1068144/000095013001502170/0000950130-01-502170-index.htm
0000905148-01-500529,2001,CHRYSLER FINANCIAL CO LLC (S-3/A),,https://www.sec.gov/Archives/edgar/data/1071168/000090514801500529/0000905148-01-500529-index.htm
0000950134-01-503484,2001,WILLIAMS COMPANIES INC (S-3),,https://www.sec.gov/Archives/edgar/data/107263/000095013401503484/0000950134-01-503484-index.htm
0000927016-01-501330,2001,BOTTOMLINE TECHNOLOGIES INC /DE/ (S-3),,https://www.sec.gov/Archives/edgar/data/1073349/000092701601501330/0000927016-01-501330-index.htm
0000950134-01-502729,2001,HIGH SPEED ACCESS CORP (S-3/A),,https://www.sec.gov/Archives/edgar/data/1075244/000095013401502729/0000950134-01-502729-index.htm
0000950109-01-501981,2001,ADOLOR CORP (S-1),,https://www.sec.gov/Archives/edgar/data/1076167/000095010901501981/0000950109-01-501981-index.htm
0001077170-01-500023,2001,SIDEWARE SYSTEMS INC (S-3/A),,https://www.sec.gov/Archives/edgar/data/1077170/000107717001500023/0001077170-01-500023-index.htm
0000107833-01-500011,2001,WISCONSIN PUBLIC SERVICE CORP (S-3),,https://www.sec.gov/Archives/edgar/data/107833/000010783301500011/0000107833-01-500011-index.htm
0000912057-01-520116,2001,VALUECLICK INC/CA (S-3/A),,https://www.sec.gov/Archives/edgar/data/1080034/000091205701520116/0000912057-01-520116-index.htm
0000912057-01-518567,2001,VALUECLICK INC/CA (S-3),,https://www.sec.gov/Archives/edgar/data/1080034/000091205701518567/0000912057-01-518567-index.htm
0000950130-01-502825,2001,CONSTELLATION 3D INC (S-3),,https://www.sec.gov/Archives/edgar/data/1080290/000095013001502825/0000950130-01-502825-index.htm
0000912057-01-518579,2001,ARENA PHARMACEUTICALS INC (S-1),,https://www.sec.gov/Archives/edgar/data/1080709/000091205701518579/0000912057-01-518579-index.htm
0000950137-01-501850,2001,EMMIS RADIO CORP (S-3),,https://www.sec.gov/Archives/edgar/data/1081431/000095013701501850/0000950137-01-501850-index.htm
0000950133-01-501501,2001,UNITED THERAPEUTICS CORP (S-3),,https://www.sec.gov/Archives/edgar/data/1082554/000095013301501501/0000950133-01-501501-index.htm
0000950130-01-502441,2001,INSIGHT COMMUNICATIONS CO INC (S-3/A),,https://www.sec.gov/Archives/edgar/data/1084421/000095013001502441/0000950130-01-502441-index.htm
0000912057-01-521595,2001,INTERMUNE INC (S-3/A),,https://www.sec.gov/Archives/edgar/data/1087432/000091205701521595/0000912057-01-521595-index.htm
0000950130-01-502204,2001,AMERICAN HOME MORTGAGE HOLDINGS INC (S-1),,https://www.sec.gov/Archives/edgar/data/1089504/000095013001502204/0000950130-01-502204-index.htm
0001021408-01-502367,2001,GAIAM INC (S-1),,https://www.sec.gov/Archives/edgar/data/1089872/000102140801502367/0001021408-01-502367-index.htm
0000912057-01-521235,2001,MEDIS TECHNOLOGIES LTD (S-3),,https://www.sec.gov/Archives/edgar/data/1090507/000091205701521235/0000912057-01-521235-index.htm
0000891618-01-501489,2001,AGILENT TECHNOLOGIES INC (S-3),,https://www.sec.gov/Archives/edgar/data/1090872/000089161801501489/0000891618-01-501489-index.htm
0000892569-01-500431,2001,TRIZETTO GROUP INC (S-3/A),,https://www.sec.gov/Archives/edgar/data/1092458/000089256901500431/0000892569-01-500431-index.htm
0000950134-01-503630,2001,PENTASTAR COMMUNICATIONS INC (S-3),,https://www.sec.gov/Archives/edgar/data/1093221/000095013401503630/0000950134-01-503630-index.htm
0000891618-01-501007,2001,IMANAGE INC (S-3/A),,https://www.sec.gov/Archives/edgar/data/1093242/000089161801501007/0000891618-01-501007-index.htm
0000950133-01-501724,2001,AETHER SYSTEMS INC (S-3),,https://www.sec.gov/Archives/edgar/data/1093434/000095013301501724/0000950133-01-501724-index.htm
0000927016-01-501367,2001,PLUG POWER INC (S-3),,https://www.sec.gov/Archives/edgar/data/1093691/000092701601501367/0000927016-01-501367-index.htm
0001012870-01-501134,2001,SONICWALL INC (S-3/A),,https://www.sec.gov/Archives/edgar/data/1093885/000101287001501134/0001012870-01-501134-index.htm
0000916641-01-500581,2001,NEWTEK CAPITAL INC (S-3),,https://www.sec.gov/Archives/edgar/data/1094019/000091664101500581/0000916641-01-500581-index.htm
0000950123-01-503426,2001,GLOBALNET INC (S-3/A),,https://www.sec.gov/Archives/edgar/data/1095529/000095012301503426/0000950123-01-503426-index.htm
0000950144-01-503598,2001,LENDINGTREE INC (S-3/A),,https://www.sec.gov/Archives/edgar/data/1096479/000095014401503598/0000950144-01-503598-index.htm
0000950144-01-503868,2001,LENDINGTREE INC (S-3/A),,https://www.sec.gov/Archives/edgar/data/1096479/000095014401503868/0000950144-01-503868-index.htm
0000891618-01-501192,2001,SILICON ENERGY CORP (S-1),,https://www.sec.gov/Archives/edgar/data/1096916/000089161801501192/0000891618-01-501192-index.htm
0000950123-01-503366,2001,METLIFE INC (S-3),,https://www.sec.gov/Archives/edgar/data/1099219/000095012301503366/0000950123-01-503366-index.htm
0000912057-01-519262,2001,PEC SOLUTIONS INC (S-3/A),,https://www.sec.gov/Archives/edgar/data/1103013/000091205701519262/0000912057-01-519262-index.htm
0000912057-01-518973,2001,WATSON WYATT & CO HOLDINGS (S-3/A),,https://www.sec.gov/Archives/edgar/data/1103126/000091205701518973/0000912057-01-518973-index.htm
0000912057-01-520590,2001,WATSON WYATT & CO HOLDINGS (S-3/A),,https://www.sec.gov/Archives/edgar/data/1103126/000091205701520590/0000912057-01-520590-index.htm
0000912057-01-518559,2001,WATSON WYATT & CO HOLDINGS (S-3),,https://www.sec.gov/Archives/edgar/data/1103126/000091205701518559/0000912057-01-518559-index.htm
0000950133-01-501479,2001,WGL HOLDINGS INC (S-3),,https://www.sec.gov/Archives/edgar/data/1103601/000095013301501479/0000950133-01-501479-index.htm
0000950149-01-500883,2001,METRICOM FINANCE INC (S-3/A),,https://www.sec.gov/Archives/edgar/data/1105194/000095014901500883/0000950149-01-500883-index.htm
0000950144-01-504144,2001,ATHEROGENICS INC (S-1),,https://www.sec.gov/Archives/edgar/data/1107601/000095014401504144/0000950144-01-504144-index.htm
0000893220-01-500397,2001,ADVANTA BUSINESS RECIEVABLES CORP (S-3),,https://www.sec.gov/Archives/edgar/data/1107920/000089322001500397/0000893220-01-500397-index.htm
0000910643-01-500037,2001,KRAMONT REALTY TRUST (S-3),,https://www.sec.gov/Archives/edgar/data/1111205/000091064301500037/0000910643-01-500037-index.htm
0001111853-01-500012,2001,ARDEN REALTY LIMITED PARTNERSHIP (S-3),,https://www.sec.gov/Archives/edgar/data/1111853/000111185301500012/0001111853-01-500012-index.htm
0000912057-01-521808,2001,POOLED AUTO SECURITIES SHELF LLC (S-3),,https://www.sec.gov/Archives/edgar/data/1113167/000091205701521808/0000912057-01-521808-index.htm
0000950124-01-501678,2001,AMERICAN MEDICAL SYSTEMS HOLDINGS INC (S-1),,https://www.sec.gov/Archives/edgar/data/1114200/000095012401501678/0000950124-01-501678-index.htm
0000912057-01-520451,2001,WILSON GREATBATCH TECHNOLOGIES INC (S-1),,https://www.sec.gov/Archives/edgar/data/1114483/000091205701520451/0000912057-01-520451-index.htm
0000950123-01-503638,2001,TRENWICK GROUP LTD (S-3),,https://www.sec.gov/Archives/edgar/data/1122211/000095012301503638/0000950123-01-503638-index.htm
0001095811-01-502966,2001,FLUOR CORP (S-3),,https://www.sec.gov/Archives/edgar/data/1124198/000109581101502966/0001095811-01-502966-index.htm
0000950129-01-501354,2001,HCC CAPITAL TRUST I (S-3/A),,https://www.sec.gov/Archives/edgar/data/1124211/000095012901501354/0000950129-01-501354-index.htm
0000950124-01-501724,2001,PRINCIPAL FINANCIAL GROUP INC (S-1),,https://www.sec.gov/Archives/edgar/data/1126328/000095012401501724/0000950124-01-501724-index.htm
0000912057-01-520806,2001,NARA BANCORP INC (S-3/A),,https://www.sec.gov/Archives/edgar/data/1128361/000091205701520806/0000912057-01-520806-index.htm
0000950148-01-500958,2001,BAM ENTERTAINMENT INC (S-1),,https://www.sec.gov/Archives/edgar/data/1132809/000095014801500958/0000950148-01-500958-index.htm
0000950123-01-503507,2001,NEW ROCKWELL COLLINS INC (S-3),,https://www.sec.gov/Archives/edgar/data/1137411/000095012301503507/0000950123-01-503507-index.htm
0000905148-01-500677,2001,HOMESIDE GLOBAL MBS MANAGER INC (S-3),,https://www.sec.gov/Archives/edgar/data/1138543/000090514801500677/0000905148-01-500677-index.htm
0000950124-01-501705,2001,FIRST BUSEY CAPITAL TRUST I (S-3/A),,https://www.sec.gov/Archives/edgar/data/1140539/000095012401501705/0000950124-01-501705-index.htm
0000950116-01-500322,2001,COMMONWEALTH INCOME & GROWTH FUND IV (S-1),,https://www.sec.gov/Archives/edgar/data/1141615/000095011601500322/0000950116-01-500322-index.htm
0001068800-01-500152,2001,ALLEGIANT CAPITAL TRUST II (S-3),,https://www.sec.gov/Archives/edgar/data/1142218/000106880001500152/0001068800-01-500152-index.htm
0000950148-01-500994,2001,WFS RECEIVABLES CORP 3 (S-3),,https://www.sec.gov/Archives/edgar/data/1142224/000095014801500994/0000950148-01-500994-index.htm
0000912057-01-519594,2001,FLEETWOOD CAPITAL TRUST II (S-3),,https://www.sec.gov/Archives/edgar/data/1142411/000091205701519594/0000912057-01-519594-index.htm
0000950124-01-501898,2001,COMERICA CAPITAL TRUST I (S-3),,https://www.sec.gov/Archives/edgar/data/1142603/000095012401501898/0000950124-01-501898-index.htm
0000950131-01-501935,2001,BOND SECURITIZATION LLC (S-3),,https://www.sec.gov/Archives/edgar/data/1142786/000095013101501935/0000950131-01-501935-index.htm
0000912057-01-521510,2001,WASHINGTON MUTUAL CAPITAL TRUST 2001 (S-3),,https://www.sec.gov/Archives/edgar/data/1143930/000091205701521510/0000912057-01-521510-index.htm
0000899140-01-500100,2001,BERKLEY W R CORP (S-3/A),,https://www.sec.gov/Archives/edgar/data/11544/000089914001500100/0000899140-01-500100-index.htm
0000899140-01-500118,2001,BERKLEY W R CORP (S-3/A),,https://www.sec.gov/Archives/edgar/data/11544/000089914001500118/0000899140-01-500118-index.htm
0000899140-01-500128,2001,BERKLEY W R CORP (S-3/A),,https://www.sec.gov/Archives/edgar/data/11544/000089914001500128/0000899140-01-500128-index.htm
0000950157-01-500189,2001,CAMPBELL SOUP CO (S-3/A),,https://www.sec.gov/Archives/edgar/data/16732/000095015701500189/0000950157-01-500189-index.htm
0000912057-01-522134,2001,MAGELLAN HEALTH SERVICES INC (S-3),,https://www.sec.gov/Archives/edgar/data/19411/000091205701522134/0000912057-01-522134-index.htm
0000950103-01-501085,2001,J P MORGAN CHASE & CO (S-3/A),,https://www.sec.gov/Archives/edgar/data/19617/000095010301501085/0000950103-01-501085-index.htm
0000950130-01-502698,2001,VERIZON MARYLAND INC (S-3),,https://www.sec.gov/Archives/edgar/data/19722/000095013001502698/0000950130-01-502698-index.htm
0000891092-01-500243,2001,CIT GROUP INC (S-3),,https://www.sec.gov/Archives/edgar/data/20388/000089109201500243/0000891092-01-500243-index.htm
0000950149-01-500991,2001,KNIGHT RIDDER INC (S-3),,https://www.sec.gov/Archives/edgar/data/205520/000095014901500991/0000950149-01-500991-index.htm
0000914760-01-500059,2001,BELL & HOWELL CO/ (S-3/A),,https://www.sec.gov/Archives/edgar/data/215219/000091476001500059/0000914760-01-500059-index.htm
0000950144-01-503215,2001,ROCK TENN CO (S-3),,https://www.sec.gov/Archives/edgar/data/230498/000095014401503215/0000950144-01-503215-index.htm
0000024741-01-500027,2001,CORNING INC /NY (S-3),,https://www.sec.gov/Archives/edgar/data/24741/000002474101500027/0000024741-01-500027-index.htm
0000024741-01-500029,2001,CORNING INC /NY (S-3),,https://www.sec.gov/Archives/edgar/data/24741/000002474101500029/0000024741-01-500029-index.htm
0000912057-01-519200,2001,DEERE JOHN CAPITAL CORP (S-3),,https://www.sec.gov/Archives/edgar/data/27673/000091205701519200/0000912057-01-519200-index.htm
0000002852-01-500029,2001,AGWAY INC (S-3/A),,https://www.sec.gov/Archives/edgar/data/2852/000000285201500029/0000002852-01-500029-index.htm
0000912057-01-518843,2001,CREDIT SUISSE FIRST BOSTON USA INC (S-3),,https://www.sec.gov/Archives/edgar/data/29646/000091205701518843/0000912057-01-518843-index.htm
0000912057-01-519516,2001,POPE & TALBOT INC /DE/ (S-3/A),,https://www.sec.gov/Archives/edgar/data/311871/000091205701519516/0000912057-01-519516-index.htm
0000912057-01-520307,2001,TITAN CORP (S-3),,https://www.sec.gov/Archives/edgar/data/32258/000091205701520307/0000912057-01-520307-index.htm
0001026777-01-500035,2001,COVISTA COMMUNICATIONS INC (S-3/A),,https://www.sec.gov/Archives/edgar/data/34497/000102677701500035/0001026777-01-500035-index.htm
0000928385-01-501141,2001,FEDERAL REALTY INVESTMENT TRUST (S-3/A),,https://www.sec.gov/Archives/edgar/data/34903/000092838501501141/0000928385-01-501141-index.htm
0000950149-01-500917,2001,THORATEC CORP (S-3/A),,https://www.sec.gov/Archives/edgar/data/350907/000095014901500917/0000950149-01-500917-index.htm
0001005477-01-003770,2001,STAKE TECHNOLOGY LTD (S-3/A),,https://www.sec.gov/Archives/edgar/data/351834/000100547701003770/0001005477-01-003770-index.htm
0000950144-01-503691,2001,VIRAGEN INC (S-3),,https://www.sec.gov/Archives/edgar/data/353482/000095014401503691/0000950144-01-503691-index.htm
0000950131-01-501798,2001,HOUSEHOLD INTERNATIONAL INC (S-3/A),,https://www.sec.gov/Archives/edgar/data/354964/000095013101501798/0000950131-01-501798-index.htm
0000355019-01-500018,2001,FONAR CORP (S-3),,https://www.sec.gov/Archives/edgar/data/355019/000035501901500018/0000355019-01-500018-index.htm
0000950124-01-501572,2001,US BANCORP \DE\ (S-3),,https://www.sec.gov/Archives/edgar/data/36104/000095012401501572/0000950124-01-501572-index.htm
0000950144-01-503903,2001,FLORIDA POWER CORP / (S-3/A),,https://www.sec.gov/Archives/edgar/data/37637/000095014401503903/0000950144-01-503903-index.htm
0000950144-01-503655,2001,FLORIDA POWER CORP / (S-3),,https://www.sec.gov/Archives/edgar/data/37637/000095014401503655/0000950144-01-503655-index.htm
0000037643-01-500013,2001,FLORIDA PUBLIC UTILITIES CO (S-3),,https://www.sec.gov/Archives/edgar/data/37643/000003764301500013/0000037643-01-500013-index.htm
0000950130-01-502529,2001,HUMANA INC (S-3),,https://www.sec.gov/Archives/edgar/data/49071/000095013001502529/0000950130-01-502529-index.htm
0000950131-01-501734,2001,KANSAS CITY SOUTHERN INDUSTRIES INC (S-3/A),,https://www.sec.gov/Archives/edgar/data/54480/000095013101501734/0000950131-01-501734-index.htm
0001095811-01-502666,2001,AMERICAN VANGUARD CORP (S-3),,https://www.sec.gov/Archives/edgar/data/5981/000109581101502666/0001095811-01-502666-index.htm
0000950124-01-501988,2001,MICHIGAN CONSOLIDATED GAS CO /MI/ (S-3),,https://www.sec.gov/Archives/edgar/data/65632/000095012401501988/0000950124-01-501988-index.htm
0000950153-01-500674,2001,APERIAN INC (S-3),,https://www.sec.gov/Archives/edgar/data/68619/000095015301500674/0000950153-01-500674-index.htm
0000950109-01-501893,2001,BERGER HOLDINGS LTD (S-3/A),,https://www.sec.gov/Archives/edgar/data/706777/000095010901501893/0000950109-01-501893-index.htm
0001032210-01-500717,2001,SUN MICROSYSTEMS INC (S-3),,https://www.sec.gov/Archives/edgar/data/709519/000103221001500717/0001032210-01-500717-index.htm
0000950130-01-502697,2001,VERIZON NEW ENGLAND INC (S-3),,https://www.sec.gov/Archives/edgar/data/71344/000095013001502697/0000950130-01-502697-index.htm
0000950130-01-502696,2001,VERIZON NEW JERSEY INC (S-3),,https://www.sec.gov/Archives/edgar/data/71428/000095013001502696/0000950130-01-502696-index.htm
0000912057-01-520685,2001,MSC SOFTWARE CORP (S-3),,https://www.sec.gov/Archives/edgar/data/717238/000091205701520685/0000912057-01-520685-index.htm
0000912057-01-521328,2001,PURCHASESOFT INC (S-3/A),,https://www.sec.gov/Archives/edgar/data/727063/000091205701521328/0000912057-01-521328-index.htm
0000950147-01-501152,2001,ARIZONA PUBLIC SERVICE CO (S-3),,https://www.sec.gov/Archives/edgar/data/7286/000095014701501152/0000950147-01-501152-index.htm
0000891618-01-501404,2001,INTELLICORP INC (S-3/A),,https://www.sec.gov/Archives/edgar/data/730169/000089161801501404/0000891618-01-501404-index.htm
0000912057-01-521087,2001,GENZYME CORP (S-3),,https://www.sec.gov/Archives/edgar/data/732485/000091205701521087/0000912057-01-521087-index.htm
0001012870-01-501380,2001,IDENTIX INC (S-3/A),,https://www.sec.gov/Archives/edgar/data/735780/000101287001501380/0001012870-01-501380-index.htm
0001012870-01-501263,2001,IDENTIX INC (S-3),,https://www.sec.gov/Archives/edgar/data/735780/000101287001501263/0001012870-01-501263-index.htm
0001005477-01-003679,2001,NASTECH PHARMACEUTICAL CO INC (S-3),,https://www.sec.gov/Archives/edgar/data/737207/000100547701003679/0001005477-01-003679-index.htm
0000950131-01-501711,2001,CONCORD EFS INC (S-3/A),,https://www.sec.gov/Archives/edgar/data/740112/000095013101501711/0000950131-01-501711-index.htm
0000950131-01-501902,2001,CONCORD EFS INC (S-3/A),,https://www.sec.gov/Archives/edgar/data/740112/000095013101501902/0000950131-01-501902-index.htm
0000910662-01-500021,2001,BOWATER INC (S-3),,https://www.sec.gov/Archives/edgar/data/743368/000091066201500021/0000910662-01-500021-index.htm
0001125282-01-500896,2001,WIRE ONE TECHNOLOGIES INC (S-3),,https://www.sec.gov/Archives/edgar/data/746210/000112528201500896/0001125282-01-500896-index.htm
0001125282-01-500948,2001,WIRE ONE TECHNOLOGIES INC (S-3),,https://www.sec.gov/Archives/edgar/data/746210/000112528201500948/0001125282-01-500948-index.htm
0000927016-01-501399,2001,MOORE MEDICAL CORP (S-3/A),,https://www.sec.gov/Archives/edgar/data/74691/000092701601501399/0000927016-01-501399-index.htm
0000950134-01-503104,2001,NTN COMMUNICATIONS INC (S-3/A),,https://www.sec.gov/Archives/edgar/data/748592/000095013401503104/0000950134-01-503104-index.htm
0001015402-01-501676,2001,CONCURRENT COMPUTER CORP/DE (S-3/A),,https://www.sec.gov/Archives/edgar/data/749038/000101540201501676/0001015402-01-501676-index.htm
0000912057-01-519996,2001,OVERSEAS SHIPHOLDING GROUP INC (S-3/A),,https://www.sec.gov/Archives/edgar/data/75208/000091205701519996/0000912057-01-519996-index.htm
0000912057-01-519287,2001,OVERSEAS SHIPHOLDING GROUP INC (S-3),,https://www.sec.gov/Archives/edgar/data/75208/000091205701519287/0000912057-01-519287-index.htm
0000926236-01-500085,2001,UNIVIEW TECHNOLOGIES CORP (S-3),,https://www.sec.gov/Archives/edgar/data/755229/000092623601500085/0000926236-01-500085-index.htm
0001095811-01-502837,2001,MAI SYSTEMS CORP (S-3/A),,https://www.sec.gov/Archives/edgar/data/760436/000109581101502837/0001095811-01-502837-index.htm
0000899681-01-500129,2001,CEDAR INCOME FUND LTD /MD/ (S-3),,https://www.sec.gov/Archives/edgar/data/761648/000089968101500129/0000899681-01-500129-index.htm
0000950116-01-500365,2001,SEDONA CORP (S-3),,https://www.sec.gov/Archives/edgar/data/764843/000095011601500365/0000950116-01-500365-index.htm
0000950005-01-500247,2001,PINNACLE SYSTEMS INC (S-3),,https://www.sec.gov/Archives/edgar/data/774695/000095000501500247/0000950005-01-500247-index.htm
0000931763-01-500889,2001,STAR SCIENTIFIC INC (S-3),,https://www.sec.gov/Archives/edgar/data/776008/000093176301500889/0000931763-01-500889-index.htm
0000950144-01-504016,2001,FAMILY STEAK HOUSES OF FLORIDA INC (S-3),,https://www.sec.gov/Archives/edgar/data/784539/000095014401504016/0000950144-01-504016-index.htm
0000950144-01-503443,2001,ADVANCED VIRAL RESEARCH CORP (S-1),,https://www.sec.gov/Archives/edgar/data/786623/000095014401503443/0000950144-01-503443-index.htm
0001032210-01-500664,2001,MICROSOFT CORP (S-3/A),,https://www.sec.gov/Archives/edgar/data/789019/000103221001500664/0001032210-01-500664-index.htm
0001017062-01-500504,2001,IMPCO TECHNOLOGIES INC (S-3),,https://www.sec.gov/Archives/edgar/data/790708/000101706201500504/0001017062-01-500504-index.htm
0001021408-01-502022,2001,ADELPHIA COMMUNICATIONS CORP (S-3),,https://www.sec.gov/Archives/edgar/data/796486/000102140801502022/0001021408-01-502022-index.htm
0000882377-01-500171,2001,CREDIT SUISSE FIRST BOSTON MORTGAGE SECURITIES CORP (S-3/A),,https://www.sec.gov/Archives/edgar/data/802106/000088237701500171/0000882377-01-500171-index.htm
0000950136-01-500632,2001,ACCLAIM ENTERTAINMENT INC (S-3/A),,https://www.sec.gov/Archives/edgar/data/804888/000095013601500632/0000950136-01-500632-index.htm
0001125282-01-500984,2001,STRUCTURED ASSET SECURITIES CORP (S-3),,https://www.sec.gov/Archives/edgar/data/808851/000112528201500984/0001125282-01-500984-index.htm
0001035704-01-500151,2001,ATRIX LABORATORIES INC (S-3/A),,https://www.sec.gov/Archives/edgar/data/809875/000103570401500151/0001035704-01-500151-index.htm
0000882377-01-500179,2001,SALOMON BROTHERS MORTGAGE SECURITIES VII INC (S-3),,https://www.sec.gov/Archives/edgar/data/809877/000088237701500179/0000882377-01-500179-index.htm
0000950130-01-502438,2001,VIACOM INC (S-3),,https://www.sec.gov/Archives/edgar/data/813828/000095013001502438/0000950130-01-502438-index.htm
0000912057-01-519772,2001,CARNIVAL CORP (S-3),,https://www.sec.gov/Archives/edgar/data/815097/000091205701519772/0000912057-01-519772-index.htm
0000950133-01-501694,2001,ORBITAL SCIENCES CORP /DE/ (S-3/A),,https://www.sec.gov/Archives/edgar/data/820736/000095013301501694/0000950133-01-501694-index.htm
0000826253-01-500038,2001,AURA SYSTEMS INC (S-3/A),,https://www.sec.gov/Archives/edgar/data/826253/000082625301500038/0000826253-01-500038-index.htm
0000828916-01-500030,2001,WEINGARTEN REALTY INVESTORS /TX/ (S-3/A),,https://www.sec.gov/Archives/edgar/data/828916/000082891601500030/0000828916-01-500030-index.htm
0000909518-01-500123,2001,LEHMAN ABS CORP (S-3/A),,https://www.sec.gov/Archives/edgar/data/829281/000090951801500123/0000909518-01-500123-index.htm
0000912057-01-520710,2001,TETRA TECH INC (S-3),,https://www.sec.gov/Archives/edgar/data/831641/000091205701520710/0000912057-01-520710-index.htm
0000916641-01-500580,2001,COMMONWEALTH BANKSHARES INC (S-1),,https://www.sec.gov/Archives/edgar/data/835012/000091664101500580/0000916641-01-500580-index.htm
0000950123-01-503386,2001,YORK INTERNATIONAL CORP /DE/ (S-3/A),,https://www.sec.gov/Archives/edgar/data/842662/000095012301503386/0000950123-01-503386-index.htm
0000950123-01-503855,2001,YORK INTERNATIONAL CORP /DE/ (S-3/A),,https://www.sec.gov/Archives/edgar/data/842662/000095012301503855/0000950123-01-503855-index.htm
0001005444-01-500046,2001,WAVERIDER COMMUNICATIONS INC (S-3/A),,https://www.sec.gov/Archives/edgar/data/844053/000100544401500046/0001005444-01-500046-index.htm
0000930661-01-501026,2001,US HOME SYSTEMS INC /TX (S-3),,https://www.sec.gov/Archives/edgar/data/844789/000093066101501026/0000930661-01-501026-index.htm
0000950136-01-500637,2001,ARMOR HOLDINGS INC (S-3),,https://www.sec.gov/Archives/edgar/data/845752/000095013601500637/0000950136-01-500637-index.htm
0000891618-01-501089,2001,SUNRISE TECHNOLOGIES INTERNATIONAL INC (S-3),,https://www.sec.gov/Archives/edgar/data/846771/000089161801501089/0000891618-01-501089-index.htm
0000950134-01-503471,2001,ADVANCED ENVIRONMENTAL RECYCLING TECHNOLOGIES INC (S-3/A),,https://www.sec.gov/Archives/edgar/data/849706/000095013401503471/0000950134-01-503471-index.htm
0000950129-01-501190,2001,KANEB PIPE LINE PARTNERS L P (S-3),,https://www.sec.gov/Archives/edgar/data/853890/000095012901501190/0000950129-01-501190-index.htm
0001019687-01-500341,2001,MICROTEL INTERNATIONAL INC (S-1),,https://www.sec.gov/Archives/edgar/data/854852/000101968701500341/0001019687-01-500341-index.htm
0000921895-01-500176,2001,QUERYOBJECT SYSTEMS CORP (S-3/A),,https://www.sec.gov/Archives/edgar/data/855743/000092189501500176/0000921895-01-500176-index.htm
0001072613-01-500610,2001,ABLE LABORATORIES INC (S-3/A),,https://www.sec.gov/Archives/edgar/data/857171/000107261301500610/0001072613-01-500610-index.htm
0000857353-01-500010,2001,OMNI NUTRACEUTICALS (S-1),,https://www.sec.gov/Archives/edgar/data/857353/000085735301500010/0000857353-01-500010-index.htm
0000892569-01-500442,2001,RELIANCE STEEL & ALUMINUM CO (S-3/A),,https://www.sec.gov/Archives/edgar/data/861884/000089256901500442/0000892569-01-500442-index.htm
0001095811-01-502601,2001,RELIANCE STEEL & ALUMINUM CO (S-3),,https://www.sec.gov/Archives/edgar/data/861884/000109581101502601/0001095811-01-502601-index.htm
0000950153-01-500658,2001,SWIFT TRANSPORTATION CO INC (S-3/A),,https://www.sec.gov/Archives/edgar/data/863557/000095015301500658/0000950153-01-500658-index.htm
0000950148-01-501084,2001,CARDIOGENESIS CORP /CA (S-3/A),,https://www.sec.gov/Archives/edgar/data/863680/000095014801501084/0000950148-01-501084-index.htm
0000950149-01-500992,2001,RESTORATION HARDWARE INC (S-3/A),,https://www.sec.gov/Archives/edgar/data/863821/000095014901500992/0000950149-01-500992-index.htm
0000950149-01-500845,2001,RESTORATION HARDWARE INC (S-3),,https://www.sec.gov/Archives/edgar/data/863821/000095014901500845/0000950149-01-500845-index.htm
0000930661-01-500862,2001,BRITESMILE INC (S-3/A),,https://www.sec.gov/Archives/edgar/data/866734/000093066101500862/0000930661-01-500862-index.htm
0000930661-01-500977,2001,XTO ENERGY INC (S-3/A),,https://www.sec.gov/Archives/edgar/data/868809/000093066101500977/0000930661-01-500977-index.htm
0000950129-01-501576,2001,PETROQUEST ENERGY INC (S-3),,https://www.sec.gov/Archives/edgar/data/872248/000095012901501576/0000950129-01-501576-index.htm
0000891618-01-501391,2001,ATMEL CORP (S-3),,https://www.sec.gov/Archives/edgar/data/872448/000089161801501391/0000891618-01-501391-index.htm
0000893220-01-500336,2001,CEPHALON INC (S-3),,https://www.sec.gov/Archives/edgar/data/873364/000089322001500336/0000893220-01-500336-index.htm
0001032210-01-500720,2001,ICOS CORP / DE (S-3),,https://www.sec.gov/Archives/edgar/data/874294/000103221001500720/0001032210-01-500720-index.htm
0000912057-01-522198,2001,BIOTRANSPLANT INC (S-3),,https://www.sec.gov/Archives/edgar/data/880259/000091205701522198/0000912057-01-522198-index.htm
0000950103-01-501063,2001,VITESSE SEMICONDUCTOR CORP (S-3/A),,https://www.sec.gov/Archives/edgar/data/880446/000095010301501063/0000950103-01-501063-index.htm
0000912057-01-518565,2001,PROVELL INC (S-3/A),,https://www.sec.gov/Archives/edgar/data/883324/000091205701518565/0000912057-01-518565-index.htm
0000950123-01-503420,2001,BISYS GROUP INC (S-3/A),,https://www.sec.gov/Archives/edgar/data/883587/000095012301503420/0000950123-01-503420-index.htm
0000950123-01-503168,2001,BISYS GROUP INC (S-3),,https://www.sec.gov/Archives/edgar/data/883587/000095012301503168/0000950123-01-503168-index.htm
0000912057-01-522107,2001,STEMCELLS INC (S-3/A),,https://www.sec.gov/Archives/edgar/data/883975/000091205701522107/0000912057-01-522107-index.htm
0000950123-01-503484,2001,GOLDMAN SACHS GROUP INC/ (S-3),,https://www.sec.gov/Archives/edgar/data/886982/000095012301503484/0000950123-01-503484-index.htm
0000950134-01-502865,2001,ILLINOIS SUPERCONDUCTOR CORPORATION (S-3),,https://www.sec.gov/Archives/edgar/data/888693/000095013401502865/0000950134-01-502865-index.htm
0000950131-01-501780,2001,D & K HEALTHCARE RESOURCES INC (S-3/A),,https://www.sec.gov/Archives/edgar/data/888914/000095013101501780/0000950131-01-501780-index.htm
0000950131-01-502029,2001,D & K HEALTHCARE RESOURCES INC (S-3/A),,https://www.sec.gov/Archives/edgar/data/888914/000095013101502029/0000950131-01-502029-index.htm
0000910643-01-500039,2001,BARNES & NOBLE INC (S-3),,https://www.sec.gov/Archives/edgar/data/890491/000091064301500039/0000910643-01-500039-index.htm
0000891092-01-500336,2001,ATEC GROUP INC (S-3),,https://www.sec.gov/Archives/edgar/data/893970/000089109201500336/0000891092-01-500336-index.htm
0000950123-01-503692,2001,STRUCTURED PRODUCTS CORP (S-1),,https://www.sec.gov/Archives/edgar/data/894356/000095012301503692/0000950123-01-503692-index.htm
0000922423-01-500414,2001,INTERNET COMMERCE CORP (S-3/A),,https://www.sec.gov/Archives/edgar/data/894738/000092242301500414/0000922423-01-500414-index.htm
0000950129-01-501398,2001,WILLBROS GROUP INC (S-3),,https://www.sec.gov/Archives/edgar/data/895450/000095012901501398/0000950129-01-501398-index.htm
0000950134-01-503705,2001,MULTIMEDIA GAMES INC (S-3),,https://www.sec.gov/Archives/edgar/data/896400/000095013401503705/0000950134-01-503705-index.htm
0000950134-01-502832,2001,AVIDYN INC (S-3),,https://www.sec.gov/Archives/edgar/data/897546/000095013401502832/0000950134-01-502832-index.htm
0001021408-01-502364,2001,PEERLESS SYSTEMS CORP (S-3/A),,https://www.sec.gov/Archives/edgar/data/897893/000102140801502364/0001021408-01-502364-index.htm
0000950131-01-501997,2001,CDW COMPUTER CENTERS INC (S-3),,https://www.sec.gov/Archives/edgar/data/899171/000095013101501997/0000950131-01-501997-index.htm
0000930661-01-500945,2001,IMAGINON INC /DE/ (S-3),,https://www.sec.gov/Archives/edgar/data/899444/000093066101500945/0000930661-01-500945-index.htm
0000912057-01-518377,2001,HYBRID NETWORKS INC (S-3/A),,https://www.sec.gov/Archives/edgar/data/900091/000091205701518377/0000912057-01-518377-index.htm
0000950124-01-501821,2001,BELL MICROPRODUCTS INC (S-3),,https://www.sec.gov/Archives/edgar/data/900708/000095012401501821/0000950124-01-501821-index.htm
0000912057-01-520088,2001,EQUITY RESIDENTIAL PROPERTIES TRUST (S-3),,https://www.sec.gov/Archives/edgar/data/906107/000091205701520088/0000912057-01-520088-index.htm
0001021408-01-502370,2001,PROXYMED INC /FT LAUDERDALE/ (S-3/A),,https://www.sec.gov/Archives/edgar/data/906337/000102140801502370/0001021408-01-502370-index.htm
0001095811-01-502586,2001,SHURGARD STORAGE CENTERS INC (S-3/A),,https://www.sec.gov/Archives/edgar/data/906933/000109581101502586/0001095811-01-502586-index.htm
0000950144-01-504094,2001,PERFORMANCE FOOD GROUP CO (S-3/A),,https://www.sec.gov/Archives/edgar/data/908254/000095014401504094/0000950144-01-504094-index.htm
0000950144-01-503833,2001,PERFORMANCE FOOD GROUP CO (S-3),,https://www.sec.gov/Archives/edgar/data/908254/000095014401503833/0000950144-01-503833-index.htm
0000950129-01-501488,2001,NORTHERN BORDER PARTNERS LP (S-3),,https://www.sec.gov/Archives/edgar/data/909281/000095012901501488/0000950129-01-501488-index.htm
0001012870-01-501276,2001,ASYST TECHNOLOGIES INC /CA/ (S-3),,https://www.sec.gov/Archives/edgar/data/909326/000101287001501276/0001012870-01-501276-index.htm
0000912057-01-519575,2001,CBL & ASSOCIATES PROPERTIES INC (S-3),,https://www.sec.gov/Archives/edgar/data/910612/000091205701519575/0000912057-01-519575-index.htm
0001021408-01-502768,2001,TRIMERIS INC (S-3/A),,https://www.sec.gov/Archives/edgar/data/911326/000102140801502768/0001021408-01-502768-index.htm
0000899243-01-500747,2001,PETROCORP INC (S-3/A),,https://www.sec.gov/Archives/edgar/data/911359/000089924301500747/0000899243-01-500747-index.htm
0000911801-01-500008,2001,EARTHSHELL CORP (S-3),,https://www.sec.gov/Archives/edgar/data/911801/000091180101500008/0000911801-01-500008-index.htm
0000914317-01-500173,2001,CORPORATE PROPERTY ASSOCIATES 12 INC (S-3),,https://www.sec.gov/Archives/edgar/data/912046/000091431701500173/0000914317-01-500173-index.htm
0000909518-01-500161,2001,HOLLYWOOD MEDIA CORP (S-3),,https://www.sec.gov/Archives/edgar/data/912544/000090951801500161/0000909518-01-500161-index.htm
0000891618-01-501167,2001,LYNX THERAPEUTICS INC (S-3),,https://www.sec.gov/Archives/edgar/data/913275/000089161801501167/0000891618-01-501167-index.htm
0001021408-01-502334,2001,ORTHOVITA INC (S-3/A),,https://www.sec.gov/Archives/edgar/data/913756/000102140801502334/0001021408-01-502334-index.htm
0000736908-01-500019,2001,BRAUVIN NET LEASE V INC (S-3/A),,https://www.sec.gov/Archives/edgar/data/913762/000073690801500019/0000736908-01-500019-index.htm
0000950134-01-503333,2001,SHAW GROUP INC (S-3/A),,https://www.sec.gov/Archives/edgar/data/914024/000095013401503333/0000950134-01-503333-index.htm
0000950134-01-503084,2001,SHAW GROUP INC (S-3),,https://www.sec.gov/Archives/edgar/data/914024/000095013401503084/0000950134-01-503084-index.htm
0000950129-01-501360,2001,SHAW GROUP INC (S-3),,https://www.sec.gov/Archives/edgar/data/914024/000095012901501360/0000950129-01-501360-index.htm
0001032210-01-500738,2001,SONIC SOLUTIONS/CA/ (S-3/A),,https://www.sec.gov/Archives/edgar/data/916235/000103221001500738/0001032210-01-500738-index.htm
0001021408-01-502401,2001,ELECTRIC FUEL CORP (S-3),,https://www.sec.gov/Archives/edgar/data/916529/000102140801502401/0001021408-01-502401-index.htm
0000930413-01-500648,2001,INTEGRA LIFESCIENCES HOLDINGS CORP (S-3),,https://www.sec.gov/Archives/edgar/data/917520/000093041301500648/0000930413-01-500648-index.htm
0000950124-01-502052,2001,TALX CORP (S-3),,https://www.sec.gov/Archives/edgar/data/917524/000095012401502052/0000950124-01-502052-index.htm
0000912057-01-520843,2001,UROMED CORP (S-3/A),,https://www.sec.gov/Archives/edgar/data/917821/000091205701520843/0000912057-01-520843-index.htm
0000912057-01-519255,2001,BIOSPHERE MEDICAL INC (S-3/A),,https://www.sec.gov/Archives/edgar/data/919015/000091205701519255/0000912057-01-519255-index.htm
0000912057-01-521326,2001,BIOSPHERE MEDICAL INC (S-3/A),,https://www.sec.gov/Archives/edgar/data/919015/000091205701521326/0000912057-01-521326-index.htm
0000912057-01-521591,2001,BIOSPHERE MEDICAL INC (S-3/A),,https://www.sec.gov/Archives/edgar/data/919015/000091205701521591/0000912057-01-521591-index.htm
0000950144-01-503871,2001,VISUAL DATA CORP (S-3),,https://www.sec.gov/Archives/edgar/data/919130/000095014401503871/0000950144-01-503871-index.htm
0000950123-01-503993,2001,VIEWPOINT CORP/NY/ (S-3),,https://www.sec.gov/Archives/edgar/data/919794/000095012301503993/0000950123-01-503993-index.htm
0000893220-01-500392,2001,LIBERTY PROPERTY TRUST (S-3),,https://www.sec.gov/Archives/edgar/data/921112/000089322001500392/0000893220-01-500392-index.htm
0000893220-01-500409,2001,LIBERTY PROPERTY TRUST (S-3),,https://www.sec.gov/Archives/edgar/data/921112/000089322001500409/0000893220-01-500409-index.htm
0000931763-01-500808,2001,BANKATLANTIC BANCORP INC (S-3),,https://www.sec.gov/Archives/edgar/data/921768/000093176301500808/0000931763-01-500808-index.htm
0000912057-01-519408,2001,INTRADO INC (S-3),,https://www.sec.gov/Archives/edgar/data/924505/000091205701519408/0000912057-01-519408-index.htm
0000950144-01-504043,2001,SPECTRX INC (S-3),,https://www.sec.gov/Archives/edgar/data/924515/000095014401504043/0000950144-01-504043-index.htm
0000950138-01-500057,2001,APPLIED DIGITAL SOLUTIONS INC (S-3/A),,https://www.sec.gov/Archives/edgar/data/924642/000095013801500057/0000950138-01-500057-index.htm
0000950138-01-500061,2001,APPLIED DIGITAL SOLUTIONS INC (S-3/A),,https://www.sec.gov/Archives/edgar/data/924642/000095013801500061/0000950138-01-500061-index.htm
0000950138-01-500066,2001,APPLIED DIGITAL SOLUTIONS INC (S-3/A),,https://www.sec.gov/Archives/edgar/data/924642/000095013801500066/0000950138-01-500066-index.htm
0000912057-01-519595,2001,OPEN MARKET INC (S-3/A),,https://www.sec.gov/Archives/edgar/data/926019/000091205701519595/0000912057-01-519595-index.htm
0000950123-01-503802,2001,SPANISH BROADCASTING SYSTEM INC (S-3),,https://www.sec.gov/Archives/edgar/data/927720/000095012301503802/0000950123-01-503802-index.htm
0000950130-01-502162,2001,YOUNG BROADCASTING INC /DE/ (S-3),,https://www.sec.gov/Archives/edgar/data/929144/000095013001502162/0000950130-01-502162-index.htm
0000950135-01-501675,2001,ASPEN TECHNOLOGY INC /DE/ (S-3),,https://www.sec.gov/Archives/edgar/data/929940/000095013501501675/0000950135-01-501675-index.htm
0000905148-01-500527,2001,RECKSON ASSOCIATES REALTY CORP (S-3/A),,https://www.sec.gov/Archives/edgar/data/930548/000090514801500527/0000905148-01-500527-index.htm
0000950123-01-503488,2001,CANNONDALE CORP / (S-3),,https://www.sec.gov/Archives/edgar/data/930795/000095012301503488/0000950123-01-503488-index.htm
0000912057-01-521212,2001,UCAR INTERNATIONAL INC (S-3),,https://www.sec.gov/Archives/edgar/data/931148/000091205701521212/0000912057-01-521212-index.htm
0000932111-01-500014,2001,MICREL INC (S-3),,https://www.sec.gov/Archives/edgar/data/932111/000093211101500014/0000932111-01-500014-index.htm
0000912057-01-518412,2001,ENDOCARDIAL SOLUTIONS INC (S-3/A),,https://www.sec.gov/Archives/edgar/data/940659/000091205701518412/0000912057-01-518412-index.htm
0000912057-01-520691,2001,ENDOCARDIAL SOLUTIONS INC (S-3/A),,https://www.sec.gov/Archives/edgar/data/940659/000091205701520691/0000912057-01-520691-index.htm
0000950144-01-503593,2001,SLI INC (S-3),,https://www.sec.gov/Archives/edgar/data/942138/000095014401503593/0000950144-01-503593-index.htm
0000950129-01-501479,2001,STEWART INFORMATION SERVICES CORP (S-3/A),,https://www.sec.gov/Archives/edgar/data/94344/000095012901501479/0000950129-01-501479-index.htm
0000950117-01-500616,2001,VION PHARMACEUTICALS INC (S-3/A),,https://www.sec.gov/Archives/edgar/data/944522/000095011701500616/0000950117-01-500616-index.htm
0000891618-01-501335,2001,COM21 INC (S-3/A),,https://www.sec.gov/Archives/edgar/data/945379/000089161801501335/0000891618-01-501335-index.htm
0000891618-01-501336,2001,COM21 INC (S-3/A),,https://www.sec.gov/Archives/edgar/data/945379/000089161801501336/0000891618-01-501336-index.htm
0000950129-01-501628,2001,DIAMOND OFFSHORE DRILLING INC (S-3),,https://www.sec.gov/Archives/edgar/data/949039/000095012901501628/0000950129-01-501628-index.htm
0000950123-01-503131,2001,NYFIX INC (S-3/A),,https://www.sec.gov/Archives/edgar/data/99047/000095012301503131/0000950123-01-503131-index.htm
0000950144-01-507797,2001,EMERGE INTERACTIVE INC (S-3),,https://www.sec.gov/Archives/edgar/data/1092605/000095014401507797/0000950144-01-507797-index.htm
0001015402-02-000070,2002,VSOURCE INC (S-3/A),,https://www.sec.gov/Archives/edgar/data/1003226/000101540202000070/0001015402-02-000070-index.htm
0000899733-02-000048,2002,UQM TECHNOLOGIES INC (S-3/A),,https://www.sec.gov/Archives/edgar/data/315449/000089973302000048/0000899733-02-000048-index.htm
0001015402-02-001635,2002,VSOURCE INC (S-3/A),,https://www.sec.gov/Archives/edgar/data/1003226/000101540202001635/0001015402-02-001635-index.htm
0001193125-04-057777,2004,PROGRESS ENERGY INC (S-3),,https://www.sec.gov/Archives/edgar/data/1094093/000119312504057777/0001193125-04-057777-index.htm
0000905148-05-005406,2005,HSBC HOME EQUITY LOAN CORP I (S-3/A),,https://www.sec.gov/Archives/edgar/data/923147/000090514805005406/0000905148-05-005406-index.htm
0001188112-07-000416,2007,LASERCARD CORP (S-3),,https://www.sec.gov/Archives/edgar/data/30140/000118811207000416/0001188112-07-000416-index.htm
0001096350-09-000039,2009,"Quadra Ventures, Inc. (S-1)",,https://www.sec.gov/Archives/edgar/data/1295456/000109635009000039/0001096350-09-000039-index.htm
0001144204-10-032176,2010,MANHATTAN PHARMACEUTICALS INC (S-1),,https://www.sec.gov/Archives/edgar/data/1001316/000114420410032176/0001144204-10-032176-index.htm
0001193125-10-146961,2010,"GEOSPATIAL HOLDINGS, INC. (S-1)",,https://www.sec.gov/Archives/edgar/data/1011395/000119312510146961/0001193125-10-146961-index.htm
0001140361-10-024157,2010,AURORA GOLD CORP (S-1),,https://www.sec.gov/Archives/edgar/data/1037049/000114036110024157/0001140361-10-024157-index.htm
0001144204-10-032639,2010,China Yongxin Pharmaceuticals Inc. (S-1),,https://www.sec.gov/Archives/edgar/data/1087848/000114420410032639/0001144204-10-032639-index.htm
0001091667-10-000105,2010,"CHARTER COMMUNICATIONS, INC. /MO/ (S-1)",,https://www.sec.gov/Archives/edgar/data/1091667/000109166710000105/0001091667-10-000105-index.htm
0001144204-10-035122,2010,CAMPBELL ALTERNATIVE ASSET TRUST (S-1),,https://www.sec.gov/Archives/edgar/data/1114485/000114420410035122/0001144204-10-035122-index.htm
0000950130-10-001923,2010,ZIPCAR INC (S-1),,https://www.sec.gov/Archives/edgar/data/1131457/000095013010001923/0000950130-10-001923-index.htm
0001188112-10-001671,2010,CHARTER FINANCIAL CORP/GA (S-1),,https://www.sec.gov/Archives/edgar/data/1136796/000118811210001671/0001188112-10-001671-index.htm
0001193125-10-140746,2010,INPHI CORP (S-1),,https://www.sec.gov/Archives/edgar/data/1160958/000119312510140746/0001193125-10-140746-index.htm
0001144204-10-032009,2010,Cytosorbents Corp (S-1),,https://www.sec.gov/Archives/edgar/data/1175151/000114420410032009/0001144204-10-032009-index.htm
0001144204-10-032842,2010,"ECOTALITY, INC. (S-1)",,https://www.sec.gov/Archives/edgar/data/1301206/000114420410032842/0001144204-10-032842-index.htm
0001014897-10-000096,2010,"Genesis Electronics Group, Inc. (S-1)",,https://www.sec.gov/Archives/edgar/data/1302913/000101489710000096/0001014897-10-000096-index.htm
0001014897-10-000098,2010,"US Highland, Inc. (S-1)",,https://www.sec.gov/Archives/edgar/data/1381871/000101489710000098/0001014897-10-000098-index.htm
0000950123-10-059379,2010,Atlantic Coast Financial CORP (S-1),,https://www.sec.gov/Archives/edgar/data/1404296/000095012310059379/0000950123-10-059379-index.htm
0001354488-10-001891,2010,Puramed Bioscience Inc. (S-1),,https://www.sec.gov/Archives/edgar/data/1409565/000135448810001891/0001354488-10-001891-index.htm
0001140361-10-024103,2010,Urban Barns Foods Inc. (S-1),,https://www.sec.gov/Archives/edgar/data/1410253/000114036110024103/0001140361-10-024103-index.htm
0001023175-10-000183,2010,National Automation Services Inc (S-1),,https://www.sec.gov/Archives/edgar/data/1415998/000102317510000183/0001023175-10-000183-index.htm
0000930413-10-003359,2010,"iBio, Inc. (S-1)",,https://www.sec.gov/Archives/edgar/data/1420720/000093041310003359/0000930413-10-003359-index.htm
0001178924-10-000070,2010,"Classic Rules Judo Championships, Inc. (S-1)",,https://www.sec.gov/Archives/edgar/data/1445831/000117892410000070/0001178924-10-000070-index.htm
0001393905-10-000322,2010,"Encore Brands, Inc. (S-1)",,https://www.sec.gov/Archives/edgar/data/1452763/000139390510000322/0001393905-10-000322-index.htm
0001350284-10-000016,2010,"Securitas EDGAR Filings, Inc. (S-1)",,https://www.sec.gov/Archives/edgar/data/1456857/000135028410000016/0001350284-10-000016-index.htm
0001213900-10-002493,2010,Deyu Agriculture Corp. (S-1),,https://www.sec.gov/Archives/edgar/data/1467746/000121390010002493/0001213900-10-002493-index.htm
0001144204-10-033899,2010,Teucrium Commodity Trust (S-1),,https://www.sec.gov/Archives/edgar/data/1471824/000114420410033899/0001144204-10-033899-index.htm
0001144204-10-033903,2010,Teucrium Commodity Trust (S-1),,https://www.sec.gov/Archives/edgar/data/1471824/000114420410033903/0001144204-10-033903-index.htm
0001144204-10-033960,2010,Teucrium Commodity Trust (S-1),,https://www.sec.gov/Archives/edgar/data/1471824/000114420410033960/0001144204-10-033960-index.htm
0001387131-10-000662,2010,"DT Communications, Inc (S-1)",,https://www.sec.gov/Archives/edgar/data/1483289/000138713110000662/0001387131-10-000662-index.htm
0001144204-10-034017,2010,KEYW HOLDING CORP (S-1),,https://www.sec.gov/Archives/edgar/data/1487101/000114420410034017/0001144204-10-034017-index.htm
0001078782-10-001364,2010,APPIPHANY TECHNOLOGIES HOLDINGS CORP (S-1),,https://www.sec.gov/Archives/edgar/data/1490054/000107878210001364/0001078782-10-001364-index.htm
0001092306-10-000319,2010,"REVIVAL RESOURCES, INC. (S-1)",,https://www.sec.gov/Archives/edgar/data/1490699/000109230610000319/0001092306-10-000319-index.htm
0001077048-10-000055,2010,"Sterilite Solutions, Corp. (S-1)",,https://www.sec.gov/Archives/edgar/data/1490711/000107704810000055/0001077048-10-000055-index.htm
0001491525-10-000002,2010,Greenhouse Solutions Inc. (S-1),,https://www.sec.gov/Archives/edgar/data/1491525/000149152510000002/0001491525-10-000002-index.htm
0001078782-10-001331,2010,"NORMAN CAY DEVELOPMENT, INC. (S-1)",,https://www.sec.gov/Archives/edgar/data/1492448/000107878210001331/0001078782-10-001331-index.htm
0001047469-10-006089,2010,"BioHorizons, Inc. (S-1)",,https://www.sec.gov/Archives/edgar/data/1492464/000104746910006089/0001047469-10-006089-index.htm
0001193125-10-131594,2010,Nielsen Holdings B.V. (S-1),,https://www.sec.gov/Archives/edgar/data/1492633/000119312510131594/0001193125-10-131594-index.htm
0001047469-10-005811,2010,Tornier B.V. (S-1),,https://www.sec.gov/Archives/edgar/data/1492658/000104746910005811/0001047469-10-005811-index.htm
0001019687-10-002326,2010,"Imobolis, Inc. (S-1)",,https://www.sec.gov/Archives/edgar/data/1492683/000101968710002326/0001019687-10-002326-index.htm
0001056520-10-000198,2010,"MOKITA, INC. (S-1)",,https://www.sec.gov/Archives/edgar/data/1493212/000105652010000198/0001056520-10-000198-index.htm
0001193125-10-138079,2010,Naugatuck Valley Financial Corp (S-1),,https://www.sec.gov/Archives/edgar/data/1493552/000119312510138079/0001193125-10-138079-index.htm
0001144204-10-034377,2010,"Zhong Wen International Holding Co., Ltd. (S-1)",,https://www.sec.gov/Archives/edgar/data/1494502/000114420410034377/0001144204-10-034377-index.htm
0001002014-10-000461,2010,CN Resources Inc. (S-1),,https://www.sec.gov/Archives/edgar/data/1494809/000100201410000461/0001002014-10-000461-index.htm
0001214659-10-001784,2010,GEENIUS INC (S-1),,https://www.sec.gov/Archives/edgar/data/1494944/000121465910001784/0001214659-10-001784-index.htm
0001193125-10-146209,2010,Affinia Group Holdings Inc. (S-1),,https://www.sec.gov/Archives/edgar/data/1495064/000119312510146209/0001193125-10-146209-index.htm
0001002105-10-000180,2010,CENTRAL VIRGINIA BANKSHARES INC (S-1),,https://www.sec.gov/Archives/edgar/data/804561/000100210510000180/0001002105-10-000180-index.htm
0001193125-10-133095,2010,BOSTON PRIVATE FINANCIAL HOLDINGS INC (S-1),,https://www.sec.gov/Archives/edgar/data/821127/000119312510133095/0001193125-10-133095-index.htm
0001144204-10-033173,2010,"MAM SOFTWARE GROUP, INC. (S-1)",,https://www.sec.gov/Archives/edgar/data/832488/000114420410033173/0001144204-10-033173-index.htm
0001214659-10-001659,2010,ENCORIUM GROUP INC (S-1),,https://www.sec.gov/Archives/edgar/data/856569/000121465910001659/0001214659-10-001659-index.htm
0001193125-10-151573,2010,INTERVEST BANCSHARES CORP (S-1),,https://www.sec.gov/Archives/edgar/data/927807/000119312510151573/0001193125-10-151573-index.htm
0001144204-16-110012,2016,ELITE PHARMACEUTICALS INC /NV/ (S-1),,https://www.sec.gov/Archives/edgar/data/1053369/000114420416110012/0001144204-16-110012-index.htm
0001437749-16-034321,2016,RICHMOND AMERICAN HOMES OF ARIZONA INC (S-3),,https://www.sec.gov/Archives/edgar/data/1089047/000143774916034321/0001437749-16-034321-index.htm
0001193125-16-623667,2016,"Vantage Energy Services, Inc. (S-1)",,https://www.sec.gov/Archives/edgar/data/1380565/000119312516623667/0001193125-16-623667-index.htm
0001615774-16-006148,2016,Atomera Inc (S-1),,https://www.sec.gov/Archives/edgar/data/1420520/000161577416006148/0001615774-16-006148-index.htm
0001493152-16-010871,2016,OWC Pharmaceutical Research Corp. (S-1),,https://www.sec.gov/Archives/edgar/data/1431934/000149315216010871/0001493152-16-010871-index.htm
0001079974-16-001351,2016,Mobad Service Corp (S-1),,https://www.sec.gov/Archives/edgar/data/1520353/000107997416001351/0001079974-16-001351-index.htm
0001493152-16-011180,2016,"Valmie Resources, Inc. (S-1)",,https://www.sec.gov/Archives/edgar/data/1545447/000149315216011180/0001493152-16-011180-index.htm
0001193125-16-619191,2016,"Global Blood Therapeutics, Inc. (S-1)",,https://www.sec.gov/Archives/edgar/data/1629137/000119312516619191/0001193125-16-619191-index.htm
0001193125-16-611291,2016,"Blue Coat, Inc. (S-1)",,https://www.sec.gov/Archives/edgar/data/1643858/000119312516611291/0001193125-16-611291-index.htm
0001650962-16-000077,2016,"Manitowoc Foodservice, Inc. (S-1)",,https://www.sec.gov/Archives/edgar/data/1650962/000165096216000077/0001650962-16-000077-index.htm
0001213900-16-014378,2016,Conyers Park Acquisition Corp. (S-1),,https://www.sec.gov/Archives/edgar/data/1672985/000121390016014378/0001213900-16-014378-index.htm
0001493152-21-012142,2021,"Gaucho Group Holdings, Inc. (S-1)",,https://www.sec.gov/Archives/edgar/data/1559998/000149315221012142/0001493152-21-012142-index.htm
0001193125-21-330398,2021,ProShares Trust II (S-1),,https://www.sec.gov/Archives/edgar/data/1415311/000119312521330398/0001193125-21-330398-index.htm
0001640334-21-002949,2021,Sidus Space Inc. (S-1),,https://www.sec.gov/Archives/edgar/data/1879726/000164033421002949/0001640334-21-002949-index.htm
0001214659-23-008680,2023,"Nxu, Inc. (S-1)",,https://www.sec.gov/Archives/edgar/data/1722969/000121465923008680/0001214659-23-008680-index.htm
0000931788-23-000065,2023,JACKSON NATIONAL LIFE INSURANCE CO (S-1),,https://www.sec.gov/Archives/edgar/data/931788/000093178823000065/0000931788-23-000065-index.htm
0001193125-24-053516,2024,"VERACYTE, INC. (S-3ASR)",,https://www.sec.gov/Archives/edgar/data/1384101/000119312524053516/0001193125-24-053516-index.htm
0001193125-24-267254,2024,Range Capital Acquisition Corp. (S-1),,https://www.sec.gov/Archives/edgar/data/2035644/000119312524267254/0001193125-24-267254-index.htm
0001193125-25-019267,2025,"Alto Neuroscience, Inc. (S-3)",,https://www.sec.gov/Archives/edgar/data/1999480/000119312525019267/0001193125-25-019267-index.htm
0001641172-25-009665,2025,OXBRIDGE RE HOLDINGS Ltd (S-3),,https://www.sec.gov/Archives/edgar/data/1584831/000164117225009665/0001641172-25-009665-index.htm
0000950103-25-008153,2025,ADC Therapeutics SA (S-3),,https://www.sec.gov/Archives/edgar/data/1771910/000095010325008153/0000950103-25-008153-index.htm
0000950170-25-054762,2025,"Interactive Strength, Inc. (S-1)",,https://www.sec.gov/Archives/edgar/data/1785056/000095017025054762/0000950170-25-054762-index.htm
0001213900-25-054837,2025,"RPM Interactive, Inc. (S-1)",,https://www.sec.gov/Archives/edgar/data/2018293/000121390025054837/0001213900-25-054837-index.htm
0001213900-25-071302,2025,Longeveron Inc. (S-1),,https://www.sec.gov/Archives/edgar/data/1721484/000121390025071302/0001213900-25-071302-index.htm
0001193125-25-213783,2025,Grayscale Stellar Lumens Trust (XLM) (S-1),,https://www.sec.gov/Archives/edgar/data/1761325/000119312525213783/0001193125-25-213783-index.htm
0001213900-25-086178,2025,DeFi Development Corp. (S-1),,https://www.sec.gov/Archives/edgar/data/1805526/000121390025086178/0001213900-25-086178-index.htm
0001213900-25-066815,2025,VEEA INC. (S-1),,https://www.sec.gov/Archives/edgar/data/1840317/000121390025066815/0001213900-25-066815-index.htm
0001213900-25-063483,2025,"CITIUS ONCOLOGY, INC. (S-1)",,https://www.sec.gov/Archives/edgar/data/1851484/000121390025063483/0001213900-25-063483-index.htm
0001213900-25-085094,2025,Cyngn Inc. (S-3),,https://www.sec.gov/Archives/edgar/data/1874097/000121390025085094/0001213900-25-085094-index.htm
0001493152-25-011574,2025,Aureus Greenway Holdings Inc (S-1),,https://www.sec.gov/Archives/edgar/data/2009312/000149315225011574/0001493152-25-011574-index.htm
0001213900-25-066691,2025,21Shares Ondo Trust (S-1),,https://www.sec.gov/Archives/edgar/data/2061627/000121390025066691/0001213900-25-066691-index.htm
0001641172-25-022738,2025,BoluoC Acquisition Corp (S-1),,https://www.sec.gov/Archives/edgar/data/2078482/000164117225022738/0001641172-25-022738-index.htm
0001171520-25-000373,2025,"CTT PHARMACEUTICAL HOLDINGS, INC. (S-1)",,https://www.sec.gov/Archives/edgar/data/1035422/000117152025000373/0001171520-25-000373-index.htm
0001477932-25-008717,2025,"UPEXI, INC. (S-1)",,https://www.sec.gov/Archives/edgar/data/1775194/000147793225008717/0001477932-25-008717-index.htm
0001213900-25-116076,2025,"Direct Communication Solutions, Inc. (S-1)",,https://www.sec.gov/Archives/edgar/data/1779303/000121390025116076/0001213900-25-116076-index.htm
0001193125-25-282921,2025,"Jade Biosciences, Inc. (S-1)",,https://www.sec.gov/Archives/edgar/data/1798749/000119312525282921/0001193125-25-282921-index.htm
0001520138-25-000306,2025,"SPECIFICITY, INC. (S-1)",,https://www.sec.gov/Archives/edgar/data/1840102/000152013825000306/0001520138-25-000306-index.htm
0001213900-25-099277,2025,PMGC Holdings Inc. (S-1),,https://www.sec.gov/Archives/edgar/data/1840563/000121390025099277/0001213900-25-099277-index.htm
0001493152-25-029590,2025,AMC Robotics Corp (S-1),,https://www.sec.gov/Archives/edgar/data/1937891/000149315225029590/0001493152-25-029590-index.htm
0001493152-25-021277,2025,Safe Pro Group Inc. (S-3),,https://www.sec.gov/Archives/edgar/data/2011208/000149315225021277/0001493152-25-021277-index.htm
0001096906-25-002059,2025,Boumarang Inc. (S-1),,https://www.sec.gov/Archives/edgar/data/2034161/000109690625002059/0001096906-25-002059-index.htm
0001493152-25-026347,2025,Blue Water Acquisition Corp. IV (S-1),,https://www.sec.gov/Archives/edgar/data/2082847/000149315225026347/0001493152-25-026347-index.htm
0001477932-25-008787,2025,APEX Tech Acquisition Inc. (S-1),,https://www.sec.gov/Archives/edgar/data/2085485/000147793225008787/0001477932-25-008787-index.htm
0001213900-25-097451,2025,Soren Acquisition Corp. (S-1),,https://www.sec.gov/Archives/edgar/data/2086263/000121390025097451/0001213900-25-097451-index.htm
0001213900-25-118735,2025,Art Technology Acquisition Corp. (S-1),,https://www.sec.gov/Archives/edgar/data/2086545/000121390025118735/0001213900-25-118735-index.htm
0001493152-25-021104,2025,ARC Group Securities Acquisition II (S-1),,https://www.sec.gov/Archives/edgar/data/2094710/000149315225021104/0001493152-25-021104-index.htm
0002097953-25-000002,2025,Mira Qon Corp (S-1),,https://www.sec.gov/Archives/edgar/data/2097953/000209795325000002/0002097953-25-000002-index.htm
0001213900-25-118896,2025,Helix Acquisition Corp. III (S-1),,https://www.sec.gov/Archives/edgar/data/2099656/000121390025118896/0001213900-25-118896-index.htm
0001437749-25-037757,2025,"GeoVax Labs, Inc. (S-1)",,https://www.sec.gov/Archives/edgar/data/832489/000143774925037757/0001437749-25-037757-index.htm
0001437749-26-001938,2026,"Rocky Mountain Chocolate Factory, Inc. (S-1)",,https://www.sec.gov/Archives/edgar/data/1616262/000143774926001938/0001437749-26-001938-index.htm
0001193125-26-071862,2026,"Arcus Biosciences, Inc. (S-3ASR)",,https://www.sec.gov/Archives/edgar/data/1724521/000119312526071862/0001193125-26-071862-index.htm
0001213900-26-000719,2026,"Signing Day Sports, Inc. (S-1)",,https://www.sec.gov/Archives/edgar/data/1898474/000121390026000719/0001213900-26-000719-index.htm
0001628280-26-002629,2026,D-Wave Quantum Inc. (S-3ASR),,https://www.sec.gov/Archives/edgar/data/1907982/000162828026002629/0001628280-26-002629-index.htm
0001493152-26-002093,2026,"MANGOCEUTICALS, INC. (S-1)",,https://www.sec.gov/Archives/edgar/data/1938046/000149315226002093/0001493152-26-002093-index.htm
0001193125-26-016785,2026,Grayscale Near Trust (NEAR) (S-1),,https://www.sec.gov/Archives/edgar/data/2025000/000119312526016785/0001193125-26-016785-index.htm
0002097570-26-000005,2026,Palermo Technologies Inc. (S-1),,https://www.sec.gov/Archives/edgar/data/2101355/000209757026000005/0002097570-26-000005-index.htm
0001104659-26-000959,2026,Morgan Stanley Bitcoin Trust (S-1),,https://www.sec.gov/Archives/edgar/data/2103612/000110465926000959/0001104659-26-000959-index.htm
0001193125-26-098748,2026,"WOLFSPEED, INC. (S-1)",,https://www.sec.gov/Archives/edgar/data/895419/000119312526098748/0001193125-26-098748-index.htm
0001493152-26-016228,2026,"Propanc Biopharma, Inc. (S-1)",,https://www.sec.gov/Archives/edgar/data/1517681/000149315226016228/0001493152-26-016228-index.htm
0001104659-26-041905,2026,"SUJA LIFE, INC. (S-1)",,https://www.sec.gov/Archives/edgar/data/1934114/000110465926041905/0001104659-26-041905-index.htm
0001493152-26-016188,2026,"C2 Capital Group, Inc. (S-1)",,https://www.sec.gov/Archives/edgar/data/2027982/000149315226016188/0001493152-26-016188-index.htm
0001493152-26-017129,2026,"AMATUHI HOLDINGS, INC. (S-1)",,https://www.sec.gov/Archives/edgar/data/2078570/000149315226017129/0001493152-26-017129-index.htm
0001193125-26-214997,2026,"Suncrete, Inc. (S-1)",,https://www.sec.gov/Archives/edgar/data/2094433/000119312526214997/0001193125-26-214997-index.htm
0001999371-26-007908,2026,Canary PEPE ETF (S-1),,https://www.sec.gov/Archives/edgar/data/2109686/000199937126007908/0001999371-26-007908-index.htm
0002112460-26-000005,2026,Bravalo Corp (S-1),,https://www.sec.gov/Archives/edgar/data/2112460/000211246026000005/0002112460-26-000005-index.htm
0001104659-26-042059,2026,Irenic Acquisition Corp. (S-1),,https://www.sec.gov/Archives/edgar/data/2122505/000110465926042059/0001104659-26-042059-index.htm
0000744455-26-000013,2026,Empower Annuity Insurance Co of America (S-1),,https://www.sec.gov/Archives/edgar/data/744455/000074445526000013/0000744455-26-000013-index.htm
